source-src_title,target-target_title
sQ lln 36f-ghof5IXQWV0icEm fZ5Il,swj2e7OIlsQ lln 36f-ghof5IXQWV0icEm fZ5Il
vK5*( 4h1BEQz5tGaVyNlLe. t,swj2e7OtGaVyNlLe. t
d5pUX5JH15,swj2e7OJH1d5pUX5JH15
52MP2lRY44KSC9pj5Bt01icIxSCqw,swj2e7OBt01icIxSCqw52MP2lRY44KSC9pj5Bt01icIxSCqw
5w45 S89,swj2e7O S895w45 S89
o2-2LDHjFYG1wxhVlsp-p 5(SNN  uq5,swj2e7Oo2-2LDHjFYG1wxhVlsp-p 5(SNN  uq5
8Fk5QrL52ebs,swj2e7O2ebs8Fk5QrL52ebs
im5Ad5B4uuXs.yJtR0Ac,swj2e7OB4uuXs.yJtR0Acim5Ad5B4uuXs.yJtR0Ac
t71dso55n WALwSG. w5,swj2e7On WALwSG. wt71dso55n WALwSG. w5
o0e&5*7Wqf)I-*1FxQ0mW(tu..Ic5. VFb,swj2e7O. VFbo0e&5*7Wqf)I-*1FxQ0mW(tu..Ic5. VFb
qnmlVxKJ(X0GXM-w55a zeuKZ p8e,swj2e7Oa zeuKZ p8eqnmlVxKJ(X0GXM-w55a zeuKZ p8e
5l705  23,swj2e7O  235l705  23
eknn?k6 8rs5M*ZRAXKaTZl7T65GI Qrul,swj2e7OGI Qruleknn?k6 8rs5M*ZRAXKaTZl7T65GI Qrul
5fb&KvYHUgEdK fEYMGGHS7A5AO*za,swj2e7OAO*za5fb&K
5uc(.l3do8oic62QjCGjzbVte5wE9R m  y,swj2e7OwE9R m  y5uc(.l3do8oic62QjCGjzbVte5wE9R m  y
b*mAP..mDc H5Ng)ZaUn5,swj2e7Ob*mAP..mDc H5Ng)ZaUn5
eI.QnMR5FuDx65Kguj a,swj2e7OKguj aeI.QnMR5FuDx65Kguj a
7N2u3(tlGofLDehww55JTtnPf,swj2e7OJTtnPf7N2u3(tlGofLDehww55JTtnPf
g4kCvq6F ZyU5CgT.Cx58.kG?r)qO*u8,swj2e7O8.kG?r)qO*u8g4kC
iU0tt( VW55fjz,swj2e7OfjziU0tt( VW55fjz
5abSlq4r8vP.jDwCOsyr5,swj2e7O5abSlq4r8
rDASHOYEGi)W6?EA5fQ7PeXT Z75Cyb,swj2e7OCybrDASHOYEGi)W6?EA5fQ7PeXT Z75Cyb
5QK9xX78B?dhZaswvwaZg gu5tx,swj2e7Otx5QK9xX78B?dhZasw
m2b5fEKvP*V5Hv,swj2e7OHvm2b5fEK
83q)Zi*NfCl4ChR&EDV-y550youk 44,swj2e7O0youk 4483q)Zi*NfCl4ChR&EDV-y550youk 44
1t(ISeNzE)LU3JR 55qvdxhK3fl7zz,swj2e7OqvdxhK3fl7zz1t(ISeNzE)LU3JR 55q
tw5hGt05umSvHd4qFEFlx2Ums-hMhJPCAae,swj2e7OumSvHd4qFEFlx2Ums-hMhJPCAaetw5hGt05umS
eupXSto&55,swj2e7OeupXSto&55
oxuSxMd yefZOABks5yFpJarc?OoIbA5,swj2e7OoxuSxMd yefZOABks5yFpJarc?OoIbA5
1-LwO.aBy5.2hy7mArlX57 (m,swj2e7O7 (m1-LwO.aBy5.2hy7mArlX57 (m
jS(u5zSvO?sg5Y2?yu,swj2e7OY2?yujS(u5zS
skU*ZRMBf5Y9XJW 5b7XMGp8qU2pRYY6k,swj2e7Ob7XMGp8qU2pRYY6kskU*ZRMBf5Y9XJW 5b7XMGp8qU2pRYY6k
5VQm W5YCF9qrk,swj2e7OYCF9qrk5VQm W5YCF9qrk
z5L7-rdo5Yw&c2(GYrV8JpAE&e?82rd,swj2e7OYw&c2(GYrV8JpAE&e?82rdz5L7-rdo5Yw&c2(GYrV8JpAE&e?82rd
tO(rO7aI 5Ldiqt5JM1x-NrGp,swj2e7OJM1x-NrGptO(rO7aI 5Ldiqt5JM1x-NrGp
bYJ5&we5,swj2e7ObYJ5&we5
x4zAbI5&fG50aq4t bj0) y)(X OSh&)h,swj2e7O0aq4t bj0) y)(X OSh&)hx4zAbI5&fG50aq4t bj0) y)(X OSh&)h
ihkDg5n(? 5,swj2e7OihkDg5n(? 5
to1XwsAPPSh5.(Po*5w-11d9ezesbaXlatg,swj2e7Ow-11d9ezesbaXlatgto1XwsAPPSh5.(Po*5w-11d9ezesbaXlatg
c s*63l7JsAA*y  5TVU4706O50*AbG38mx,swj2e7O0*AbG38mxc s*63l7JsAA*y  5TVU4706O50*AbG38mx
cWglgUhlYWV4WEVWpRG95ZPI?6NMbq5qr,swj2e7OqrcWglgUhlYWV4WEVWpRG95ZPI?6NMbq5qr
49o8K?  1NLm5Wg 9I5vCvnOlaTrd,swj2e7OvCvnOlaTrd49o8K?  1NLm5Wg 9I5
658Ss8B51,swj2e7O1658Ss8B51
esgtaJ*Bt(l4mNgU4Qh5 pCv-9T5ESv(9,swj2e7OESv(9esgtaJ*Bt(l4mNgU4Qh5 pC
52AfwS g725G bVp)ao*WvVPXai5cqCg,swj2e7OG bVp)ao*WvVPXai52AfwS g725G bVp)ao*W
cx &q4m5eF1SwbDq F5Pz1vrx4,swj2e7OPz1vrx4cx &q4m5eF1SwbDq F5Pz1
2UbN0kS0ShPAp5tSI8ED)bjx54L99A0,swj2e7O4L99A02UbN0kS0ShPAp5tSI8ED)bjx54L99A0
dLP5I5ls5o8*Ut Q-nxKVYm 4dp,swj2e7OlsdLP5I5ls5o8*Ut Q-nxKVYm 4dp
f51H(EMJk5&mAGJ8(PG2,swj2e7O&mAGJ8(PG2f51H(EMJk5&mAGJ8(PG2
3hE5Cr 5Ew bCQxkKarcJ2-IEl5,swj2e7OEw bCQxkKarcJ2-IEl3hE5Cr 5Ew bCQxkKarcJ2-IEl5
0.Lsjw5i(zE?RBtaN*JCg6?5WNSKvfi,swj2e7OWNSKvfi0.Lsjw5i(zE?RBtaN*JCg6?5WNSK
5*9gpfK kFD53)iSLrFUH8wCY4m iKJ8,swj2e7O3)iSLrFUH8wCY4m iKJ85*9gpfK kFD53)iSLrFUH8wCY4m iKJ8
flO4CMt*)TM&lvZ)F5NIp5CsufAtDLDP3G4,swj2e7OCsufAtDLDP3G4flO4CMt*)TM&l
4z(5k Hn5&3,swj2e7O&34z(5k Hn5&3
ksj xR65kmn(5j7P?z,swj2e7Oj7P?zksj xR65kmn(5j7P?z
jsTN ?2x KR eby5QpT9Ke5z2wmS5b3,swj2e7Oz2wmSjsTN ?2x KR eby5QpT9Ke5z2wmS5b3
k *wO0JETuqd&I597zfKPMmAe85uUJW.Dz,swj2e7OuUJW.Dzk *wO0JETuqd&I597zfKPMmAe85uUJW.Dz
q5 Q )wZp G9- 5Cn,swj2e7OCnq5 Q )wZp G9- 5Cn
5H6)uiUU954vQHy 3w?RVS-xPuu(sMsQy,swj2e7O4vQHy 3w?RVS-xPuu(sMsQy5H6)uiUU954
o2I5Wq?jMGR4 5?4DQi&L4,swj2e7O?4DQi&L4o2I5Wq?jMGR4 5?4DQi&L4
zD)PtbHlAgfDWeVHmcQf5Qwwd8Z)A45Uac,swj2e7OUaczD)PtbHlAgfDWeVHmcQf5Qwwd8Z)A45Uac
pj?be5 m)Ca2295AUoH0,swj2e7OAUoH0pj?be5 m)Ca2295AUoH0
5uC8Lohl3l7RrA -yhQqPBrejs5Zqbvd,swj2e7OZqbvd5uC8Lohl3l7RrA -yhQqPBrejs5Zqb
5wjtBW7A*mey FYkmXb50*SAKU7ocYb8,swj2e7O0*SAKU7ocYb85wjtBW7A*mey FYkmXb50*SAKU7ocYb8
gpXdnV4l-wSIb?RT??8Kyz3qZJ1Vp5U5gg,swj2e7OgggpXdnV4l-wSIb?RT??8Kyz3qZJ1Vp5U5gg
lIZclj5H2LOl2fXdwokX-*WS&CbbvRQVH51,swj2e7O1lIZclj5H2LOl2fXdwokX-*WS&Cbb
kp35 *SxEIDs2Krh7b5nGVNQwGcKa6OX(t,swj2e7OnGVNQwGcKa6OX(tkp35 *SxEIDs2Krh7b5nGVNQwGcKa6OX(t
5bY3pouGet& Gjgdc (DGy5v,swj2e7Ov5bY3pouGet& Gjgdc (DGy5
4 5QxOt5Ns E7jEBDc. Tuw Nk,swj2e7ONs E7jEBDc. Tuw Nk4 5QxOt5Ns E7jEBDc. Tuw Nk
h?mlhZMp-(5o(F265oOV?i6rCD.d,swj2e7OoOV?i6rCD.dh?mlhZMp-(5o(F265oOV?i6rCD.d
wU8AcXIm8021aL2UB 2nFJ2vn&qBR5S5x6g,swj2e7Ox6gwU8AcXIm8021aL2UB 2nFJ2
sWnCEJdHOtLWy*cLU&bah52j8nRRO-7ku45,swj2e7OsWnCEJdHOtLWy*cLU&bah52j8nRRO-7ku45
cPqOSQsA5Jo7dDX5gzGdEc,swj2e7OgzGdEccPqOSQsA5Jo7dDX5gzGdEc
etBY8(h h-RuNVAE0DtMfF53O5Xlr5,swj2e7OXlretBY8(h h-RuNVAE0DtMfF53O5Xlr5
y59-sRJj&wh6Rf1.AP3QFwoqkI5,swj2e7Oy59-sRJj&wh6Rf1.AP3QFwoqkI5
mikkE54iZ5FFkrAT.f,swj2e7OFFkrAT.fmikkE54iZ5FFkrAT.f
o6 I(qV9r5mKZpd FE7D VQ&tSL5it,swj2e7Oito6 I(qV9r5mKZpd FE7D VQ&tSL5it
25jWQrdwaITAP.K-*5Zt,swj2e7OZt25jWQrdwaITAP.K-*5Zt
e B8A5Htfhb523 Ir7s7.o 7q,swj2e7O23 Ir7s7.o 7qe B8A5Htfhb523 Ir7s7.o 7q
kQU7j62)J(?15Ew7g2q gw5H iar,swj2e7OH iarkQU7j62)J(?15Ew7g2q gw5H iar
dnzKA5 g A W9lOK-mXE695*Rg,swj2e7O*RgdnzKA5 g A W9lOK-mXE695*Rg
kfZ55vsH&U1EcMz6C6lkGa0Y&H3P6s?r,swj2e7OvsH&U1EcMz6C6lkGa0Y&H3P6s?rkfZ55
0MCJ A5SL5r,swj2e7Or0MCJ A5SL5r
oEk5O5*iuJkzWVeof?hZFDaaH2V6S3u,swj2e7O*iuJkzWVeof?hZFDaaH2V6S3uoEk5O5*iuJkzWVeof?hZFDaaH2V6S3u
4D 8hX5GSeP-4Rgq*jvKaBCtK*3571,swj2e7O714D 8hX5GSeP-4Rgq*j
v1REejNT*E164?XatFB5gDX5Xp&e?7,swj2e7OXp&e?7
eY Ho& fi5* gf2are57zK(xR?UY9njfsYd,swj2e7O7zK(xR?UY9njfsYdeY Ho& fi5* gf2are57zK(xR?UY9njfsYd
5j-PVchOZSOCE9nn05Her1(ffTcBkIIdm,swj2e7OHer1(ffTcBkIIdm5j-PVchOZSOCE9nn05Her1(ffTcBkIIdm
f87B&q55jr13DoBFk*pXsIAP-v4OWwNl,swj2e7Ojr13DoBFk*pXsIAP-v4OWwNlf87B&q55jr13DoBFk*pXsIAP-
yv52EeAgub54g  N -7ETlra,swj2e7O4g  N -7ETlray
54Bf5Hdd82aL9ywPryD5ef,swj2e7OHdd82aL9ywPryD54Bf5Hdd82aL9ywPryD5ef
5ey5eA nZ6j24?KWJZS(U1(Hl79wu,swj2e7OeA nZ6j24?KWJZS(U1(Hl79wu5ey5eA nZ6j24?KWJZS(U1(Hl79wu
imG5ONVpTIXuos5nJNA0z4vEBjoZF0dpxh,swj2e7OnJNA0z4vEBjoZF0dpxhimG5ONVpTIXuos5nJNA0z4
s52zJcnI09rELA34ZCEtNU3oV53j,swj2e7O3js52zJcnI09rELA34ZCEtNU3oV53j
b5T9(klB2m aWB5m)G9a953nzsEYx4,swj2e7Om)G9a9b5T9(klB2m aWB5m)G9a953nzsEYx4
yKdw5D5E8sZhhcFud,swj2e7OE8sZhhcFudyKdw5D5E8sZhhcFud
wL2(pwU Faw5.5o7W.DVg,swj2e7Oo7W.DVgwL2(pwU Faw5.5o7W.DVg
lu.N26(&e02L5 6 nserc2hI5Bt,swj2e7OBtlu.N26(&e02L5 6 nserc2hI5Bt
6c&&80ht5 rG4N5ChFd.kxrPik,swj2e7OChFd.kxrPik6c&&80ht5 rG4N5ChFd.kxrPik
0WHEhlOXp?55317ftti,swj2e7O317ftti0WHEhlOXp?55317ftti
